customer_id,name,email,revenue,quantity,order_date,product_category,region,status,phone
CUST001,Michael Brown,michael.brown0@example.com,-349.33420291525874,12,2023-04-21,Clothing,South,Shipped,555-960-6390
CUST002,Linda Jones,linda.jones1@example.com,-307.3315116890941,9,2023-12-20,Home,East,Cancelled,555-714-7265
CUST003,John Miller,john.miller2@example.com,-103.92142928456006,1,2023-05-19,Clothing,East,Completed,555-430-6578
CUST004,Linda Jones,linda.jones3@example.com,-32.48489124052952,18,2023-09-30,Clothing,North,Completed,555-199-9322
CUST005,Jennifer Jones,jennifer.jones4@example.com,-286.39012476143023,4,2023-04-09,Sports,East,Completed,555-869-7949
CUST006,Mary Jones,mary.jones5@example.com,-327.50026324780174,10,2023-09-09,Sports,West,Pending,555-260-5555
CUST007,Elizabeth Garcia,elizabeth.garcia6@example.com,-109.33681743057068,7,2023-12-04,Home,East,Shipped,555-352-9666
CUST008,Elizabeth Williams,elizabeth.williams7@example.com,-280.4458218836009,1,2023-04-14,Books,East,Completed,555-975-8734
CUST009,Patricia Rodriguez,patricia.rodriguez8@example.com,-428.9642343674739,17,2023-08-02,Home,West,Cancelled,555-230-4556
CUST010,John Miller,john.miller9@example.com,-418.3576430002349,2,2023-09-06,Books,North,Completed,555-120-6393
CUST011,Patricia Rodriguez,patricia.rodriguez10@example.com,-464.0408143902171,11,2023-06-01,Clothing,North,Completed,555-415-9433
CUST012,Elizabeth Rodriguez,elizabeth.rodriguez11@example.com,-186.1134757306558,9,2023-09-07,Electronics,West,Shipped,555-445-3612
CUST013,Mary Brown,mary.brown12@example.com,-162.43453841270477,7,2023-10-02,Home,West,Shipped,555-191-6486
CUST014,Michael Davis,michael.davis13@example.com,-375.9658729605003,17,2023-06-14,Home,West,Shipped,555-134-4152
CUST015,Patricia Johnson,patricia.johnson14@example.com,-218.40064052301747,17,2023-12-07,Books,East,Pending,555-971-8555
CUST016,Mary Garcia,mary.garcia15@example.com,-48.3365886937514,2,2023-01-08,Clothing,West,Pending,555-665-4843
CUST017,Jennifer Johnson,jennifer.johnson16@example.com,-144.98655968189738,6,2023-10-11,Clothing,South,Completed,555-829-6675
CUST018,Mary Martinez,mary.martinez17@example.com,-212.1982313380871,14,2023-01-05,Books,East,Shipped,555-369-8629
CUST019,Michael Rodriguez,michael.rodriguez18@example.com,-149.79563061074475,6,2023-05-25,Clothing,North,Completed,555-801-7439
CUST020,Robert Johnson,robert.johnson19@example.com,-169.44175761892419,2,2023-04-11,Sports,North,Cancelled,555-978-5887
CUST021,Elizabeth Rodriguez,elizabeth.rodriguez20@example.com,-150.4190735563234,1,2023-06-13,Electronics,North,Cancelled,555-863-7331
CUST022,William Smith,william.smith21@example.com,-25.542087755624326,10,2023-05-27,Home,East,Shipped,555-956-9006
CUST023,William Davis,william.davis22@example.com,-320.3618769080991,5,2023-03-05,Electronics,South,Shipped,555-228-3027
CUST024,Linda Davis,linda.davis23@example.com,-300.6597480749673,2,2023-04-01,Home,West,Cancelled,555-162-6258
CUST025,John Smith,john.smith24@example.com,-328.4248317469469,16,2023-04-27,Sports,West,Shipped,555-491-6892
CUST026,Elizabeth Miller,elizabeth.miller25@example.com,1192310.7037237315,2,2023-12-20,Clothing,North,Pending,555-140-4099
CUST027,Michael Rodriguez,michael.rodriguez26@example.com,1295655.2459579436,10,2023-09-24,Books,North,Pending,555-939-4104
CUST028,Michael Miller,michael.miller27@example.com,1619616.3073289953,2,2023-11-06,Sports,East,Shipped,555-673-9996
CUST029,John Davis,john.davis28@example.com,1599627.968832353,16,2023-06-22,Electronics,South,Cancelled,555-825-9154
CUST030,John Smith,john.smith29@example.com,1506330.8030239586,16,2023-02-16,Books,West,Completed,555-838-9110
CUST031,John Smith,john.smith30@example.com,1350413.8995969475,19,2023-05-20,Clothing,East,Shipped,555-104-8385
CUST032,Michael Miller,michael.miller31@example.com,1912931.0918436851,7,2023-09-03,Sports,West,Shipped,555-894-5488
CUST033,Elizabeth Martinez,elizabeth.martinez32@example.com,1339770.9025286015,12,2023-05-29,Books,North,Completed,555-991-2484
CUST034,John Miller,john.miller33@example.com,1455619.7008180951,15,2023-09-03,Sports,West,Shipped,555-340-9755
CUST035,Patricia Jones,patricia.jones34@example.com,1678114.1528403778,8,2023-01-05,Sports,South,Completed,555-506-7374
CUST036,Patricia Miller,patricia.miller35@example.com,1543021.8878453332,6,2023-07-03,Clothing,South,Cancelled,555-798-4157
CUST037,Mary Martinez,mary.martinez36@example.com,1346886.6294784092,10,2023-01-20,Home,North,Pending,555-656-3693
CUST038,Patricia Martinez,patricia.martinez37@example.com,1435645.3548117194,3,2023-02-15,Books,South,Cancelled,555-447-6592
CUST039,Michael Smith,michael.smith38@example.com,1794481.0233726883,19,2023-01-12,Clothing,South,Pending,555-484-2306
CUST040,William Brown,william.brown39@example.com,1278129.8773574568,17,2023-03-11,Sports,East,Completed,555-844-8526
CUST041,Jennifer Davis,jennifer.davis40@example.com,1142256.0975215756,7,2023-01-17,Clothing,West,Pending,555-510-5413
CUST042,Robert Smith,robert.smith41@example.com,1313163.8886665753,4,2023-05-27,Home,North,Cancelled,555-918-1663
CUST043,Jennifer Davis,jennifer.davis42@example.com,1849534.3659536857,14,2023-06-03,Books,North,Pending,555-332-4763
CUST044,James Smith,james.smith43@example.com,1088990.6258666317,15,2023-10-31,Home,North,Completed,555-541-2291
CUST045,Michael Johnson,michael.johnson44@example.com,1991696.0816763784,8,2023-04-18,Electronics,North,Pending,555-486-8280
CUST046,Robert Smith,robert.smith45@example.com,1541003.3579247636,15,2023-08-24,Books,North,Shipped,555-180-1698
CUST047,James Johnson,james.johnson46@example.com,1984845.75912135,14,2023-11-04,Home,South,Cancelled,555-741-1854
CUST048,Robert Smith,robert.smith47@example.com,1938996.4830895555,9,2023-12-18,Sports,East,Shipped,555-484-6249
CUST049,Robert Martinez,robert.martinez48@example.com,1452814.2613972025,8,2023-03-11,Books,North,Completed,555-771-6535
CUST050,Michael Brown,michael.brown49@example.com,1198491.8761142744,17,2023-07-02,Books,East,Pending,555-538-1202
CUST051,Linda Smith,,1379.96,2,2023-09-07,Clothing,East,Shipped,555-866-5389
CUST052,Linda Jones,,2989.26,3,2023-08-16,Sports,South,Shipped,555-983-8777
CUST053,Jennifer Garcia,,3382.45,8,2023-04-12,Electronics,North,Pending,555-610-7287
CUST054,James Rodriguez,,2219.16,12,2023-03-16,Home,South,Pending,555-223-5282
CUST055,Jennifer Williams,,2234.5,1,2023-08-04,Clothing,North,Cancelled,555-759-3811
CUST056,Patricia Williams,,3625.34,10,2023-07-22,Home,South,Shipped,555-445-2986
CUST057,John Brown,,88.95,3,2023-07-11,Electronics,East,Shipped,555-963-2734
CUST058,Patricia Rodriguez,,1712.04,6,2023-09-06,Electronics,North,Completed,555-739-7694
CUST059,Mary Davis,,4095.35,7,2023-08-30,Books,West,Cancelled,555-740-2802
CUST060,William Rodriguez,,3020.06,18,2023-06-28,Electronics,East,Completed,555-250-6534
CUST061,Elizabeth Williams,elizabeth.williams60@example.com,1692.76,11,2023-08-07,Home,West,Shipped,
CUST062,Elizabeth Rodriguez,elizabeth.rodriguez61@example.com,4528.57,19,2023-03-23,Sports,East,Completed,
CUST063,James Jones,james.jones62@example.com,3865.39,5,2023-04-02,Sports,South,Shipped,
CUST064,William Rodriguez,william.rodriguez63@example.com,1331.83,19,2023-06-24,Books,North,Shipped,
CUST065,John Brown,john.brown64@example.com,3230.0,11,2023-08-27,Home,East,Completed,
CUST066,Linda Smith,linda.smith65@example.com,2982.8,12,2023-09-17,Home,South,Completed,
CUST067,Linda Brown,linda.brown66@example.com,2011.93,10,2023-12-31,Electronics,North,Pending,
CUST068,Patricia Williams,patricia.williams67@example.com,1841.11,8,2023-06-12,Home,North,Pending,
CUST069,William Williams,william.williams68@example.com,1724.37,9,2023-02-17,Clothing,East,Pending,
CUST070,Mary Johnson,mary.johnson69@example.com,3089.61,4,2023-11-25,Electronics,North,Shipped,
CUST071,,william.brown70@example.com,2217.63,5,2023-11-24,Clothing,East,Completed,555-260-6699
CUST072,,james.jones71@example.com,4161.0,8,2023-04-26,Books,North,Cancelled,555-915-4987
CUST073,,linda.davis72@example.com,3351.32,9,2023-12-03,Sports,West,Shipped,555-234-2218
CUST074,,james.smith73@example.com,358.96,15,2023-12-03,Books,South,Cancelled,555-787-5555
CUST075,,john.garcia74@example.com,3204.44,15,2023-08-13,Sports,West,Completed,555-474-2045
CUST076,,jennifer.garcia75@example.com,1363.03,16,2023-12-18,Books,East,Shipped,555-464-9754
CUST077,,jennifer.davis76@example.com,2968.13,14,2023-11-24,Home,West,Cancelled,555-382-1225
CUST078,,robert.smith77@example.com,3403.86,8,2023-05-27,Clothing,East,Cancelled,555-383-8022
CUST079,,james.jones78@example.com,1161.84,18,2023-03-04,Sports,North,Pending,555-928-8683
CUST080,,john.smith79@example.com,2289.72,10,2023-10-21,Electronics,North,Pending,555-611-9208
CUST081,Robert Garcia,john.smithexample.com,959.72,6,2023-11-19,Clothing,East,Pending,555-198-2060
CUST082,Linda Smith,mary.j@.com,271.17,12,2023-11-21,Electronics,West,Shipped,555-401-1606
CUST083,John Smith,robert jones@example.com,1898.6,2,2023-01-13,Clothing,North,Completed,555-215-1190
CUST084,Robert Miller,alice@,1821.09,7,2023-07-08,Clothing,South,Completed,555-260-4327
CUST085,John Johnson,bob@domain.,4977.45,16,2023-10-14,Books,North,Pending,555-892-6854
CUST086,Jennifer Martinez,john.smithexample.com,2237.3,3,2023-07-27,Sports,South,Pending,555-422-2895
CUST087,Linda Johnson,mary.j@.com,1674.51,13,2023-04-24,Sports,West,Pending,555-387-5014
CUST088,Jennifer Miller,robert jones@example.com,2906.57,3,2023-01-22,Clothing,South,Cancelled,555-738-1154
CUST089,Elizabeth Johnson,alice@,452.95,18,2023-12-15,Home,South,Pending,555-884-9096
CUST090,William Garcia,bob@domain.,4808.71,11,2023-08-02,Home,South,Cancelled,555-275-8206
CUST091,Elizabeth Miller,john.smithexample.com,3178.45,8,2023-06-20,Electronics,South,Completed,555-637-6986
CUST092,Mary Rodriguez,mary.j@.com,3776.64,6,2023-11-19,Electronics,North,Shipped,555-507-9716
CUST093,Elizabeth Miller,robert jones@example.com,860.68,1,2023-02-23,Books,South,Shipped,555-924-5780
CUST094,Patricia Smith,alice@,2053.29,1,2023-10-25,Clothing,North,Shipped,555-875-7655
CUST095,John Miller,bob@domain.,2119.22,8,2023-11-16,Electronics,South,Shipped,555-242-6919
CUST096,Michael Garcia,john.smithexample.com,4110.81,5,2023-05-06,Electronics,East,Cancelled,555-150-4769
CUST097,Jennifer Martinez,mary.j@.com,16.17,16,2023-10-04,Clothing,West,Cancelled,555-669-8509
CUST098,James Brown,robert jones@example.com,1511.26,11,2023-07-23,Books,South,Pending,555-781-4854
CUST099,Jennifer Jones,alice@,4906.37,5,2023-07-13,Electronics,East,Cancelled,555-363-4124
CUST100,Robert Miller,bob@domain.,2379.68,4,2023-06-18,Books,South,Pending,555-295-5869
CUST201,Patricia Williams,patricia.williams100@example.com,1918.81,6,2023-06-01,Sports,South,Pending,555-922-8079
CUST202,Patricia Johnson,patricia.johnson101@example.com,607.95,14,2023-02-04,Books,South,Shipped,555-735-2693
CUST203,John Smith,john.smith102@example.com,4871.08,19,2023-07-03,Home,East,Cancelled,555-219-1830
CUST204,John Martinez,john.martinez103@example.com,109.93,9,2023-10-13,Home,West,Cancelled,555-445-9932
CUST205,Elizabeth Jones,elizabeth.jones104@example.com,3688.53,12,2023-02-26,Books,East,Pending,555-929-3838
CUST206,William Jones,william.jones105@example.com,3845.31,11,2023-08-10,Home,West,Pending,555-740-2081
CUST207,Elizabeth Smith,elizabeth.smith106@example.com,1225.85,14,2023-10-30,Sports,South,Completed,555-850-8805
CUST208,Jennifer Rodriguez,jennifer.rodriguez107@example.com,3361.08,16,2023-06-12,Clothing,North,Completed,555-587-8404
CUST209,Robert Smith,robert.smith108@example.com,473.72,1,2023-01-19,Home,South,Pending,555-371-5070
CUST210,Robert Garcia,robert.garcia109@example.com,1292.67,13,2023-09-21,Home,West,Completed,555-960-9130
CUST211,Elizabeth Williams,elizabeth.williams110@example.com,3941.63,13,2023-10-09,Books,East,Completed,555-185-3744
CUST212,Robert Smith,robert.smith111@example.com,4324.78,2,2023-04-23,Sports,South,Pending,555-193-7617
CUST213,Robert Miller,robert.miller112@example.com,3046.35,4,2023-11-23,Clothing,East,Pending,555-711-8421
CUST214,Robert Miller,robert.miller113@example.com,2539.12,6,2023-01-30,Books,East,Cancelled,555-861-7665
CUST215,Jennifer Jones,jennifer.jones114@example.com,804.93,5,2023-05-15,Books,East,Pending,555-199-3849
CUST116,Patricia Martinez,patricia.martinez115@example.com,324.91,3,2027-12-31,Sports,South,Pending,555-861-3489
CUST117,James Davis,james.davis116@example.com,597.07,1,2026-10-15,Clothing,East,Shipped,555-424-5611
CUST118,Linda Miller,linda.miller117@example.com,1144.51,4,2027-01-01,Sports,East,Cancelled,555-357-7303
CUST119,Patricia Davis,patricia.davis118@example.com,1714.96,2,2028-05-20,Clothing,South,Cancelled,555-789-3427
CUST120,James Smith,james.smith119@example.com,1910.74,5,2026-08-30,Sports,East,Cancelled,555-790-6732
CUST121,John Smith,john.smith120@example.com,1738.15,3,31-12-2023,Books,South,Shipped,555-516-4913
CUST122,Mary Williams,mary.williams121@example.com,1202.89,9,15/06/2023,Books,West,Pending,555-853-3082
CUST123,Michael Smith,michael.smith122@example.com,2553.52,6,2023.08.12,Electronics,West,Cancelled,555-189-9967
CUST124,Elizabeth Martinez,elizabeth.martinez123@example.com,4128.18,18,not-a-date,Home,West,Cancelled,555-701-1417
CUST125,John Rodriguez,john.rodriguez124@example.com,1405.72,6,2023-02-31,Sports,East,Completed,555-295-1825
CUST126,Robert Johnson,robert.johnson125@example.com,4712.51,0,2023-07-07,Electronics,North,Cancelled,555-592-1412
CUST127,Linda Brown,linda.brown126@example.com,4367.95,0,2023-05-08,Home,North,Pending,555-828-8164
CUST128,William Brown,william.brown127@example.com,817.2,0,2023-07-20,Sports,East,Pending,555-493-6988
CUST129,William Davis,william.davis128@example.com,3933.52,-9,2023-05-07,Clothing,North,Completed,555-291-3786
CUST130,James Williams,james.williams129@example.com,2877.19,-8,2023-09-14,Home,South,Cancelled,555-647-6073
CUST131,James Miller,james.miller130@example.com,2837.21,12,2023-06-13,Books,North,Cancelled,555-195-7806
CUST132,Robert Smith,robert.smith131@example.com,1961.3,12,2023-02-04,Electronics,East,Cancelled,555-794-6644
CUST133,Michael Rodriguez,michael.rodriguez132@example.com,2510.75,9,2023-07-13,Home,East,Shipped,555-966-5968
CUST134,James Smith,james.smith133@example.com,1991.92,2,2023-07-10,Home,South,Cancelled,555-161-9787
CUST135,William Garcia,william.garcia134@example.com,2703.27,3,2023-04-14,Books,West,Pending,555-496-1698
CUST136,John Smith,john.smith135@example.com,3143.47,12,2023-01-23,Sports,East,Pending,555-711-1395
CUST137,William Williams,william.williams136@example.com,3374.78,16,2023-09-22,Clothing,South,Shipped,555-175-5360
CUST138,Michael Brown,michael.brown137@example.com,2667.08,1,2023-10-17,Books,North,Shipped,555-950-6486
CUST139,Robert Jones,robert.jones138@example.com,3609.9,3,2023-09-17,Clothing,North,Cancelled,555-198-5491
CUST140,William Brown,william.brown139@example.com,714.98,2,2023-12-24,Sports,South,Completed,555-990-6588
CUST141,Patricia Jones,patricia.jones140@example.com,1067.79,9,2023-03-16,Home,South,Shipped,555-250-2167
CUST142,William Miller,william.miller141@example.com,4095.49,19,2023-12-21,Clothing,East,Shipped,555-208-8860
CUST143,Elizabeth Martinez,elizabeth.martinez142@example.com,1619.41,15,2023-03-13,Electronics,North,Cancelled,555-497-5729
CUST144,Robert Williams,robert.williams143@example.com,124.24,18,2023-09-16,Electronics,South,Cancelled,555-314-9924
CUST145,Mary Rodriguez,mary.rodriguez144@example.com,777.42,11,2023-07-07,Books,North,Shipped,555-173-1953
CUST146,James Garcia,james.garcia145@example.com,1125.84,16,2023-06-22,Sports,South,Completed,555-618-6293
CUST147,Linda Martinez,linda.martinez146@example.com,4787.04,17,2023-10-17,Books,North,Shipped,555-492-7938
CUST148,Elizabeth Johnson,elizabeth.johnson147@example.com,2869.48,5,2023-02-14,Books,West,Cancelled,555-616-7172
CUST149,Robert Garcia,robert.garcia148@example.com,4664.33,12,2023-03-02,Books,East,Cancelled,555-438-2365
CUST150,Patricia Smith,patricia.smith149@example.com,2880.07,11,2023-03-24,Electronics,North,Shipped,555-610-8494
CUST151,William Brown,william.brown150@example.com,2401.98,15,2023-05-03,Electronics,West,Completed,555-903-4141
CUST152,John Garcia,john.garcia151@example.com,1575.5,3,2023-12-24,Books,North,Shipped,555-266-5186
CUST153,Elizabeth Martinez,elizabeth.martinez152@example.com,3035.79,1,2023-01-16,Electronics,North,Shipped,555-630-5268
CUST154,Mary Martinez,mary.martinez153@example.com,704.6,16,2023-03-07,Sports,West,Cancelled,555-759-7619
CUST155,Linda Rodriguez,linda.rodriguez154@example.com,4492.33,2,2023-05-25,Books,North,Completed,555-100-7530
CUST156,William Smith,william.smith155@example.com,4148.37,2,2023-06-11,Electronics,North,Pending,555-508-1823
CUST157,James Garcia,james.garcia156@example.com,1594.48,3,2023-08-22,Clothing,East,Completed,555-216-1133
CUST158,Elizabeth Jones,elizabeth.jones157@example.com,4764.46,8,2023-05-24,Books,West,Shipped,555-179-6348
CUST159,Patricia Williams,patricia.williams158@example.com,4127.75,15,2023-12-24,Books,West,Shipped,555-758-7190
CUST160,William Smith,william.smith159@example.com,3334.87,7,2023-07-07,Sports,South,Shipped,555-625-4486
CUST161,James Jones,james.jones160@example.com,617.59,6,2023-11-18,Home,North,Completed,555-665-9053
CUST162,John Miller,john.miller161@example.com,2396.39,9,2023-01-13,Home,East,Cancelled,555-111-2353
CUST163,Linda Garcia,linda.garcia162@example.com,2535.48,1,2023-07-03,Sports,North,Shipped,555-507-1667
CUST164,Robert Davis,robert.davis163@example.com,1170.43,8,2023-04-21,Sports,North,Shipped,555-221-7819
CUST165,Elizabeth Davis,elizabeth.davis164@example.com,409.03,3,2023-10-17,Sports,South,Completed,555-797-8483
CUST166,Mary Jones,mary.jones165@example.com,3885.85,4,2023-10-22,Home,North,Pending,555-140-5835
CUST167,Jennifer Smith,jennifer.smith166@example.com,618.95,15,2023-08-03,Sports,East,Pending,555-300-7132
CUST168,Patricia Williams,patricia.williams167@example.com,2975.51,6,2023-04-30,Electronics,East,Cancelled,555-352-6713
CUST169,John Jones,john.jones168@example.com,4682.88,15,2023-02-24,Books,South,Cancelled,555-914-1009
CUST170,Linda Johnson,linda.johnson169@example.com,4381.76,3,2023-01-27,Books,North,Shipped,555-350-6124
CUST171,Michael Davis,michael.davis170@example.com,1395.99,14,2023-04-28,Clothing,East,Completed,555-900-3193
CUST172,James Jones,james.jones171@example.com,4258.73,14,2023-08-09,Clothing,North,Shipped,555-381-5158
CUST173,William Garcia,william.garcia172@example.com,11.66,4,2023-08-19,Books,North,Cancelled,555-926-7938
CUST174,James Smith,james.smith173@example.com,98.26,12,2023-02-22,Electronics,North,Completed,555-709-8266
CUST175,James Jones,james.jones174@example.com,3016.74,17,2023-10-22,Home,South,Completed,555-922-3000
CUST176,Robert Jones,robert.jones175@example.com,1830.34,7,2023-11-17,Home,North,Cancelled,555-969-2460
CUST177,Michael Jones,michael.jones176@example.com,1938.44,9,2023-08-21,Electronics,East,Pending,555-664-5809
CUST178,Elizabeth Williams,elizabeth.williams177@example.com,2826.56,3,2023-06-07,Home,North,Pending,555-244-8245
CUST179,William Smith,william.smith178@example.com,966.99,13,2023-09-26,Sports,East,Completed,555-150-5780
CUST180,Patricia Smith,patricia.smith179@example.com,1066.66,15,2023-01-21,Books,North,Shipped,555-980-4419
CUST181,Linda Miller,linda.miller180@example.com,2428.16,18,2023-02-22,Books,East,Pending,555-253-1249
CUST182,Mary Garcia,mary.garcia181@example.com,3773.73,19,2023-10-02,Electronics,East,Shipped,555-217-1770
CUST183,Mary Smith,mary.smith182@example.com,3101.29,1,2023-11-09,Home,North,Pending,555-153-9427
CUST184,Robert Rodriguez,robert.rodriguez183@example.com,1493.8,6,2023-10-08,Clothing,North,Pending,555-500-5719
CUST185,Michael Jones,michael.jones184@example.com,2157.38,2,2023-08-02,Clothing,East,Shipped,555-952-5673
CUST186,John Miller,john.miller185@example.com,861.62,14,2023-01-31,Home,West,Cancelled,555-521-7881
CUST187,Jennifer Johnson,jennifer.johnson186@example.com,382.4,6,2023-12-03,Clothing,South,Pending,555-197-9017
CUST188,John Johnson,john.johnson187@example.com,3915.65,14,2023-07-02,Electronics,West,Pending,555-407-5261
CUST189,James Davis,james.davis188@example.com,1334.28,4,2023-01-23,Electronics,West,Shipped,555-434-6115
CUST190,Michael Martinez,michael.martinez189@example.com,897.05,8,2023-02-01,Home,North,Cancelled,555-662-3180
CUST191,Patricia Martinez,patricia.martinez190@example.com,3461.17,3,2023-03-15,Clothing,South,Pending,555-283-4472
CUST192,Elizabeth Smith,elizabeth.smith191@example.com,3094.08,19,2023-01-10,Electronics,West,Pending,555-607-6971
CUST193,Linda Jones,linda.jones192@example.com,3169.62,14,2023-02-23,Electronics,North,Cancelled,555-645-8941
CUST194,Robert Johnson,robert.johnson193@example.com,1152.18,17,2023-02-21,Sports,West,Pending,555-304-7269
CUST195,John Rodriguez,john.rodriguez194@example.com,1170.9,8,2023-05-28,Sports,West,Cancelled,555-762-8350
CUST196,Jennifer Davis,jennifer.davis195@example.com,1111.81,14,2023-06-09,Electronics,North,Cancelled,555-459-9472
CUST197,John Williams,john.williams196@example.com,877.03,6,2023-01-14,Home,North,Shipped,555-766-5188
CUST198,Mary Martinez,mary.martinez197@example.com,3282.06,16,2023-06-27,Books,North,Completed,555-150-8570
CUST199,Robert Jones,robert.jones198@example.com,4241.6,19,2023-02-22,Books,South,Cancelled,555-565-5777
CUST200,Jennifer Jones,jennifer.jones199@example.com,3624.34,14,2023-12-01,Electronics,West,Shipped,555-937-7376
CUST201,Elizabeth Johnson,elizabeth.johnson200@example.com,3962.55,19,2023-01-22,Electronics,North,Completed,555-177-8240
CUST202,Elizabeth Rodriguez,elizabeth.rodriguez201@example.com,2029.94,3,2023-01-30,Electronics,East,Pending,555-146-6240
CUST203,Jennifer Davis,jennifer.davis202@example.com,3273.84,10,2023-07-10,Home,West,Completed,555-449-3878
CUST204,James Martinez,james.martinez203@example.com,1777.64,19,2023-09-17,Sports,East,Cancelled,555-903-2276
CUST205,Patricia Davis,patricia.davis204@example.com,2632.27,9,2023-07-24,Electronics,South,Cancelled,555-825-9717
CUST206,Elizabeth Miller,elizabeth.miller205@example.com,2413.36,13,2023-02-28,Electronics,North,Cancelled,555-177-1364
CUST207,Elizabeth Davis,elizabeth.davis206@example.com,892.67,7,2023-09-21,Clothing,East,Cancelled,555-982-6126
CUST208,John Miller,john.miller207@example.com,1941.52,14,2023-01-12,Home,South,Cancelled,555-849-7506
CUST209,Mary Martinez,mary.martinez208@example.com,4819.47,9,2023-04-29,Electronics,North,Shipped,555-905-7882
CUST210,John Rodriguez,john.rodriguez209@example.com,1250.42,19,2023-10-17,Clothing,East,Cancelled,555-730-9905
CUST211,Michael Rodriguez,michael.rodriguez210@example.com,677.68,15,2023-12-04,Books,East,Shipped,555-372-7229
CUST212,Elizabeth Rodriguez,elizabeth.rodriguez211@example.com,2098.72,14,2023-09-05,Electronics,South,Pending,555-244-4596
CUST213,Patricia Rodriguez,patricia.rodriguez212@example.com,3953.79,6,2023-12-20,Electronics,North,Cancelled,555-679-8561
CUST214,John Rodriguez,john.rodriguez213@example.com,2914.92,4,2023-05-07,Clothing,North,Cancelled,555-208-7371
CUST215,Jennifer Johnson,jennifer.johnson214@example.com,3408.06,8,2023-03-16,Home,East,Completed,555-722-8943
CUST216,Linda Smith,linda.smith215@example.com,956.58,17,2023-12-27,Electronics,East,Pending,555-847-7738
CUST217,Elizabeth Rodriguez,elizabeth.rodriguez216@example.com,3098.55,9,2023-07-23,Books,East,Cancelled,555-712-3739
CUST218,Elizabeth Johnson,elizabeth.johnson217@example.com,1624.27,1,2023-02-18,Electronics,North,Cancelled,555-542-1876
CUST219,Jennifer Jones,jennifer.jones218@example.com,4173.17,14,2023-03-20,Books,South,Pending,555-476-2460
CUST220,Jennifer Jones,jennifer.jones219@example.com,3150.2,11,2023-08-29,Sports,South,Shipped,555-809-2605
CUST221,Michael Brown,michael.brown220@example.com,1002.29,3,2023-12-15,Sports,North,Cancelled,555-449-7986
CUST222,Linda Miller,linda.miller221@example.com,332.44,9,2023-06-03,Books,West,Completed,555-236-9434
CUST223,Linda Jones,linda.jones222@example.com,222.74,14,2023-10-01,Home,South,Cancelled,555-647-6342
CUST224,Jennifer Johnson,jennifer.johnson223@example.com,1863.33,9,2023-04-06,Electronics,East,Completed,555-567-9195
CUST225,Jennifer Garcia,jennifer.garcia224@example.com,1336.6,4,2023-08-02,Electronics,West,Completed,555-980-3551
CUST226,Jennifer Williams,jennifer.williams225@example.com,3233.99,4,2023-10-21,Sports,West,Cancelled,555-673-6560
CUST227,Mary Davis,mary.davis226@example.com,2501.68,8,2023-07-28,Books,South,Cancelled,555-125-7316
CUST228,Robert Garcia,robert.garcia227@example.com,1337.44,2,2023-12-09,Electronics,West,Completed,555-509-9915
CUST229,James Brown,james.brown228@example.com,754.7,9,2023-03-29,Electronics,West,Pending,555-212-7283
CUST230,James Martinez,james.martinez229@example.com,644.73,14,2023-11-02,Home,South,Pending,555-753-2828
CUST231,Patricia Williams,patricia.williams230@example.com,4324.66,9,2023-09-21,Clothing,South,Cancelled,555-772-1009
CUST232,Robert Miller,robert.miller231@example.com,1224.96,16,2023-11-21,Sports,West,Shipped,555-749-3219
CUST233,Mary Davis,mary.davis232@example.com,3262.04,17,2023-11-16,Sports,East,Pending,555-741-2619
CUST234,James Jones,james.jones233@example.com,4055.32,16,2023-06-06,Clothing,North,Cancelled,555-428-3832
CUST235,William Davis,william.davis234@example.com,3074.27,12,2023-06-05,Electronics,West,Pending,555-649-4490
CUST236,James Jones,james.jones235@example.com,4299.23,3,2023-05-19,Home,West,Shipped,555-417-1235
CUST237,Mary Jones,mary.jones236@example.com,1968.04,11,2023-05-01,Home,East,Cancelled,555-475-4530
CUST238,William Johnson,william.johnson237@example.com,4781.55,14,2023-03-06,Sports,West,Shipped,555-687-9162
CUST239,John Smith,john.smith238@example.com,674.39,18,2023-04-17,Home,West,Cancelled,555-395-4391
CUST240,Jennifer Davis,jennifer.davis239@example.com,519.73,5,2023-05-27,Clothing,North,Shipped,555-878-7413
CUST241,John Jones,john.jones240@example.com,3296.87,16,2023-05-17,Electronics,North,Pending,555-264-3898
CUST242,Elizabeth Brown,elizabeth.brown241@example.com,4714.73,5,2023-06-11,Clothing,North,Pending,555-700-2065
CUST243,William Johnson,william.johnson242@example.com,4046.33,3,2023-04-10,Books,South,Shipped,555-395-7943
CUST244,John Garcia,john.garcia243@example.com,391.32,12,2023-12-04,Sports,South,Shipped,555-964-6142
CUST245,James Rodriguez,james.rodriguez244@example.com,1404.04,1,2023-11-03,Home,North,Shipped,555-244-2248
CUST246,Michael Johnson,michael.johnson245@example.com,4652.29,9,2023-05-21,Books,North,Cancelled,555-920-4687
CUST247,Linda Williams,linda.williams246@example.com,1272.76,9,2023-03-24,Home,South,Pending,555-138-2970
CUST248,Jennifer Garcia,jennifer.garcia247@example.com,3908.04,4,2023-06-26,Electronics,East,Cancelled,555-678-2202
CUST249,Linda Martinez,linda.martinez248@example.com,4127.41,3,2023-07-17,Electronics,West,Pending,555-547-8667
CUST250,James Brown,james.brown249@example.com,2482.31,17,2023-04-22,Electronics,West,Completed,555-577-1922
CUST251,Patricia Garcia,patricia.garcia250@example.com,1937.88,2,2023-02-25,Home,North,Cancelled,555-540-2120
CUST252,Robert Miller,robert.miller251@example.com,2256.12,1,2023-06-28,Books,East,Pending,555-388-6373
CUST253,Patricia Garcia,patricia.garcia252@example.com,1142.55,8,2023-07-05,Electronics,South,Pending,555-933-5612
CUST254,Elizabeth Smith,elizabeth.smith253@example.com,4448.06,13,2023-08-06,Books,North,Cancelled,555-217-7028
CUST255,Patricia Davis,patricia.davis254@example.com,2258.59,15,2023-11-12,Home,East,Cancelled,555-795-4228
CUST256,Linda Jones,linda.jones255@example.com,4413.47,8,2023-08-05,Books,East,Pending,555-256-3371
CUST257,Mary Williams,mary.williams256@example.com,537.41,12,2023-04-30,Home,East,Cancelled,555-854-1793
CUST258,Robert Brown,robert.brown257@example.com,4941.49,12,2023-06-24,Home,South,Shipped,555-110-7166
CUST259,Elizabeth Martinez,elizabeth.martinez258@example.com,2221.93,14,2023-01-23,Sports,South,Cancelled,555-240-8783
CUST260,Mary Rodriguez,mary.rodriguez259@example.com,248.68,15,2023-08-01,Home,West,Cancelled,555-722-1827
CUST261,Patricia Brown,patricia.brown260@example.com,199.73,15,2023-08-23,Home,West,Cancelled,555-232-4876
CUST262,Linda Martinez,linda.martinez261@example.com,3733.57,9,2023-01-13,Clothing,East,Pending,555-703-7024
CUST263,Jennifer Williams,jennifer.williams262@example.com,3298.59,19,2023-04-11,Electronics,East,Shipped,555-128-4368
CUST264,Jennifer Miller,jennifer.miller263@example.com,4012.63,8,2023-01-24,Sports,South,Completed,555-868-6732
CUST265,Robert Martinez,robert.martinez264@example.com,535.78,19,2023-12-30,Sports,West,Completed,555-721-4030
CUST266,William Smith,william.smith265@example.com,187.5,6,2023-01-11,Sports,East,Shipped,555-930-5021
CUST267,Michael Williams,michael.williams266@example.com,2547.81,19,2023-09-30,Clothing,West,Shipped,555-760-8112
CUST268,Robert Rodriguez,robert.rodriguez267@example.com,1944.1,4,2023-10-08,Home,West,Shipped,555-301-4507
CUST269,William Jones,william.jones268@example.com,2315.12,7,2023-04-04,Electronics,East,Pending,555-765-8970
CUST270,Patricia Rodriguez,patricia.rodriguez269@example.com,4958.03,4,2023-07-20,Books,South,Completed,555-701-8973
CUST271,Mary Miller,mary.miller270@example.com,4854.04,12,2023-01-21,Home,East,Shipped,555-309-9666
CUST272,Mary Smith,mary.smith271@example.com,4712.15,13,2023-12-06,Clothing,East,Pending,555-739-5971
CUST273,John Garcia,john.garcia272@example.com,3921.37,3,2023-07-30,Home,West,Completed,555-763-2990
CUST274,Patricia Garcia,patricia.garcia273@example.com,1780.66,12,2023-05-20,Home,East,Cancelled,555-600-6975
CUST275,James Smith,james.smith274@example.com,2066.53,2,2023-10-20,Clothing,South,Pending,555-384-5757
CUST276,Elizabeth Johnson,elizabeth.johnson275@example.com,2752.58,2,2023-10-25,Sports,East,Completed,555-568-1966
CUST277,James Brown,james.brown276@example.com,4154.37,9,2023-04-11,Sports,South,Pending,555-460-1688
CUST278,Patricia Garcia,patricia.garcia277@example.com,352.88,1,2023-10-31,Electronics,South,Completed,555-441-6182
CUST279,Linda Smith,linda.smith278@example.com,2127.24,8,2023-12-25,Electronics,West,Completed,555-426-2759
CUST280,Michael Williams,michael.williams279@example.com,422.26,6,2023-01-28,Sports,North,Cancelled,555-990-1951
CUST281,John Smith,john.smith280@example.com,2578.14,6,2023-02-10,Books,North,Pending,555-528-9477
CUST282,Linda Williams,linda.williams281@example.com,4495.52,18,2023-12-21,Home,West,Shipped,555-117-1768
CUST283,John Johnson,john.johnson282@example.com,3914.6,17,2023-10-30,Books,East,Cancelled,555-293-7645
CUST284,James Johnson,james.johnson283@example.com,1146.93,12,2023-05-26,Home,West,Cancelled,555-321-6797
CUST285,John Brown,john.brown284@example.com,4880.19,6,2023-09-13,Sports,South,Completed,555-996-4335
CUST286,Michael Miller,michael.miller285@example.com,3340.08,8,2023-08-15,Electronics,North,Shipped,555-742-5873
CUST287,Elizabeth Williams,elizabeth.williams286@example.com,62.03,19,2023-08-24,Electronics,West,Pending,555-977-7305
CUST288,James Miller,james.miller287@example.com,1284.51,10,2023-12-27,Books,East,Shipped,555-154-8643
CUST289,Mary Miller,mary.miller288@example.com,1310.96,1,2023-01-13,Electronics,West,Shipped,555-448-1832
CUST290,William Miller,william.miller289@example.com,355.58,13,2023-07-29,Sports,North,Shipped,555-934-9519
CUST291,Jennifer Rodriguez,jennifer.rodriguez290@example.com,4799.53,17,2023-08-17,Books,West,Shipped,555-338-4300
CUST292,John Williams,john.williams291@example.com,2396.49,3,2023-04-10,Home,West,Shipped,555-708-4675
CUST293,Linda Johnson,linda.johnson292@example.com,4480.11,8,2023-01-31,Electronics,North,Completed,555-902-3143
CUST294,Linda Davis,linda.davis293@example.com,1617.86,14,2023-01-16,Clothing,South,Completed,555-913-3538
CUST295,Patricia Brown,patricia.brown294@example.com,634.92,3,2023-05-17,Electronics,South,Cancelled,555-264-7612
CUST296,Michael Johnson,michael.johnson295@example.com,2376.94,16,2023-11-25,Home,North,Completed,555-106-5425
CUST297,Michael Smith,michael.smith296@example.com,578.64,13,2023-06-15,Books,West,Cancelled,555-250-5242
CUST298,John Brown,john.brown297@example.com,2435.22,17,2023-11-06,Home,North,Cancelled,555-384-5177
CUST299,Mary Smith,mary.smith298@example.com,4602.28,13,2023-04-10,Clothing,South,Pending,555-914-7852
CUST300,Patricia Martinez,patricia.martinez299@example.com,2608.63,6,2023-04-19,Sports,East,Shipped,555-485-5566
CUST301,Michael Brown,michael.brown300@example.com,3086.33,17,2023-12-09,Electronics,West,Completed,555-360-1804
CUST302,Jennifer Rodriguez,jennifer.rodriguez301@example.com,791.63,14,2023-06-22,Books,South,Pending,555-325-8083
CUST303,John Brown,john.brown302@example.com,228.24,17,2023-08-25,Sports,West,Completed,555-605-2387
CUST304,Linda Smith,linda.smith303@example.com,562.93,8,2023-06-11,Home,North,Cancelled,555-813-3679
CUST305,Michael Smith,michael.smith304@example.com,2996.67,11,2023-08-04,Books,East,Completed,555-981-4186
CUST306,James Rodriguez,james.rodriguez305@example.com,484.11,1,2023-09-21,Sports,North,Shipped,555-651-5033
CUST307,William Miller,william.miller306@example.com,1886.2,7,2023-09-20,Books,East,Cancelled,555-300-6877
CUST308,Jennifer Brown,jennifer.brown307@example.com,2754.96,17,2023-10-19,Clothing,West,Cancelled,555-765-9633
CUST309,Mary Miller,mary.miller308@example.com,1949.38,10,2023-10-01,Clothing,West,Pending,555-904-1074
CUST310,Jennifer Johnson,jennifer.johnson309@example.com,826.78,11,2023-01-03,Electronics,North,Shipped,555-227-6475
CUST311,William Garcia,william.garcia310@example.com,1376.22,9,2023-01-28,Electronics,East,Cancelled,555-133-8184
CUST312,Robert Rodriguez,robert.rodriguez311@example.com,4642.3,9,2023-11-22,Clothing,East,Shipped,555-477-2622
CUST313,Robert Martinez,robert.martinez312@example.com,3383.15,5,2023-05-29,Books,West,Completed,555-441-3074
CUST314,William Garcia,william.garcia313@example.com,2485.28,17,2023-01-28,Clothing,North,Shipped,555-830-5263
CUST315,Mary Rodriguez,mary.rodriguez314@example.com,73.45,9,2023-11-06,Electronics,East,Cancelled,555-920-9646
CUST316,Elizabeth Smith,elizabeth.smith315@example.com,4962.15,17,2023-03-06,Clothing,West,Pending,555-575-3681
CUST317,Mary Garcia,mary.garcia316@example.com,3360.56,19,2023-12-22,Clothing,South,Cancelled,555-462-3866
CUST318,Robert Brown,robert.brown317@example.com,1591.44,7,2023-01-21,Books,North,Shipped,555-470-5124
CUST319,Robert Davis,robert.davis318@example.com,4397.55,9,2023-09-09,Sports,South,Shipped,555-110-8679
CUST320,Patricia Smith,patricia.smith319@example.com,1299.57,7,2023-08-23,Electronics,North,Cancelled,555-286-2333
CUST321,Mary Miller,mary.miller320@example.com,2724.64,13,2023-08-15,Books,West,Shipped,555-722-3711
CUST322,Jennifer Garcia,jennifer.garcia321@example.com,3183.99,11,2023-01-13,Clothing,East,Completed,555-168-8479
CUST323,James Martinez,james.martinez322@example.com,1113.11,14,2023-11-09,Clothing,East,Cancelled,555-647-9942
CUST324,Patricia Williams,patricia.williams323@example.com,4892.2,19,2023-02-18,Sports,East,Pending,555-838-8101
CUST325,Mary Rodriguez,mary.rodriguez324@example.com,3743.48,11,2023-04-28,Electronics,North,Cancelled,555-253-8617
CUST326,Robert Rodriguez,robert.rodriguez325@example.com,2793.49,13,2023-02-23,Electronics,West,Completed,555-812-3343
CUST327,James Smith,james.smith326@example.com,911.17,14,2023-05-18,Home,South,Completed,555-316-1060
CUST328,Linda Martinez,linda.martinez327@example.com,278.75,13,2023-02-22,Electronics,West,Completed,555-124-8970
CUST329,John Johnson,john.johnson328@example.com,1607.1,1,2023-02-13,Sports,South,Completed,555-328-5203
CUST330,John Garcia,john.garcia329@example.com,3768.4,8,2023-10-30,Home,North,Completed,555-965-7667
CUST331,John Jones,john.jones330@example.com,1353.96,12,2023-02-22,Home,North,Pending,555-143-5090
CUST332,James Smith,james.smith331@example.com,2702.39,19,2023-03-15,Clothing,South,Shipped,555-429-4640
CUST333,Michael Smith,michael.smith332@example.com,3642.46,12,2023-02-15,Clothing,South,Completed,555-914-5107
CUST334,Linda Williams,linda.williams333@example.com,548.64,8,2023-01-13,Electronics,South,Completed,555-875-3708
CUST335,James Miller,james.miller334@example.com,3429.64,8,2023-06-14,Home,West,Cancelled,555-584-3421
CUST336,Jennifer Davis,jennifer.davis335@example.com,468.44,13,2023-04-12,Clothing,South,Pending,555-636-7609
CUST337,William Martinez,william.martinez336@example.com,4826.0,12,2023-10-07,Sports,North,Pending,555-588-9044
CUST338,Elizabeth Martinez,elizabeth.martinez337@example.com,2447.09,16,2023-09-15,Clothing,North,Shipped,555-115-5806
CUST339,James Miller,james.miller338@example.com,761.87,1,2023-12-03,Clothing,East,Pending,555-893-8124
CUST340,Jennifer Martinez,jennifer.martinez339@example.com,1718.49,13,2023-12-22,Home,South,Cancelled,555-490-5430
CUST341,Robert Miller,robert.miller340@example.com,2072.95,7,2023-05-18,Home,West,Cancelled,555-236-9007
CUST342,Mary Miller,mary.miller341@example.com,3793.34,5,2023-06-12,Books,West,Shipped,555-576-7737
CUST343,Patricia Miller,patricia.miller342@example.com,3719.68,8,2023-04-21,Sports,West,Cancelled,555-501-2466
CUST344,Elizabeth Miller,elizabeth.miller343@example.com,3063.58,14,2023-04-12,Home,East,Completed,555-372-8693
CUST345,Linda Williams,linda.williams344@example.com,538.59,13,2023-01-17,Electronics,North,Completed,555-719-8980
CUST346,Mary Williams,mary.williams345@example.com,766.33,15,2023-09-25,Sports,West,Cancelled,555-904-3983
CUST347,Elizabeth Miller,elizabeth.miller346@example.com,477.85,17,2023-07-01,Sports,North,Shipped,555-463-9230
CUST348,Linda Smith,linda.smith347@example.com,2890.09,15,2023-01-24,Home,East,Pending,555-615-6468
CUST349,Jennifer Rodriguez,jennifer.rodriguez348@example.com,4386.92,18,2023-01-29,Sports,South,Shipped,555-496-9684
CUST350,Elizabeth Johnson,elizabeth.johnson349@example.com,2174.66,18,2023-06-20,Home,South,Pending,555-410-9930
CUST351,Elizabeth Johnson,elizabeth.johnson350@example.com,812.63,2,2023-08-16,Clothing,South,Cancelled,555-513-5346
CUST352,Michael Johnson,michael.johnson351@example.com,2794.63,4,2023-07-07,Books,West,Cancelled,555-515-4810
CUST353,Michael Brown,michael.brown352@example.com,4060.64,1,2023-12-12,Clothing,South,Completed,555-128-3032
CUST354,Robert Rodriguez,robert.rodriguez353@example.com,3711.14,4,2023-08-18,Home,West,Pending,555-371-4511
CUST355,William Martinez,william.martinez354@example.com,4408.44,18,2023-11-17,Home,East,Shipped,555-458-5435
CUST356,Robert Smith,robert.smith355@example.com,1396.73,5,2023-12-06,Clothing,East,Cancelled,555-788-3050
CUST357,Linda Johnson,linda.johnson356@example.com,977.83,19,2023-04-29,Electronics,West,Shipped,555-423-1145
CUST358,Robert Rodriguez,robert.rodriguez357@example.com,4400.28,15,2023-06-05,Electronics,North,Completed,555-531-9896
CUST359,Robert Rodriguez,robert.rodriguez358@example.com,3291.23,8,2023-09-29,Electronics,South,Pending,555-498-9056
CUST360,Linda Brown,linda.brown359@example.com,1561.54,17,2023-06-24,Home,South,Pending,555-239-2828
CUST361,Robert Garcia,robert.garcia360@example.com,3714.32,1,2023-04-14,Sports,South,Cancelled,555-906-8486
CUST362,Linda Johnson,linda.johnson361@example.com,4077.44,12,2023-04-02,Home,West,Pending,555-252-8878
CUST363,Patricia Brown,patricia.brown362@example.com,3078.74,19,2023-07-05,Sports,East,Cancelled,555-670-8827
CUST364,Jennifer Jones,jennifer.jones363@example.com,3442.54,15,2023-10-10,Clothing,South,Completed,555-342-4564
CUST365,Elizabeth Johnson,elizabeth.johnson364@example.com,1882.55,9,2023-06-30,Books,East,Pending,555-924-3265
CUST366,William Smith,william.smith365@example.com,2698.09,7,2023-06-19,Sports,South,Cancelled,555-605-7402
CUST367,Linda Garcia,linda.garcia366@example.com,2625.55,2,2023-07-06,Electronics,South,Shipped,555-616-2796
CUST368,Jennifer Miller,jennifer.miller367@example.com,4241.76,9,2023-06-24,Home,West,Cancelled,555-788-2913
CUST369,James Martinez,james.martinez368@example.com,4201.42,10,2023-08-10,Clothing,North,Pending,555-518-8312
CUST370,Linda Williams,linda.williams369@example.com,4165.08,2,2023-08-21,Electronics,West,Completed,555-259-8906
CUST371,Jennifer Davis,jennifer.davis370@example.com,65.05,19,2023-06-11,Clothing,South,Pending,555-992-5675
CUST372,Robert Johnson,robert.johnson371@example.com,3750.23,11,2023-05-14,Books,South,Pending,555-366-2640
CUST373,Linda Williams,linda.williams372@example.com,3795.8,13,2023-08-12,Home,North,Cancelled,555-734-2218
CUST374,William Johnson,william.johnson373@example.com,3395.11,10,2023-06-02,Home,East,Shipped,555-431-1954
CUST375,Mary Davis,mary.davis374@example.com,3783.76,14,2023-02-02,Books,East,Pending,555-223-1974
CUST376,Jennifer Davis,jennifer.davis375@example.com,4211.43,18,2023-02-24,Home,South,Shipped,555-350-4972
CUST377,Elizabeth Johnson,elizabeth.johnson376@example.com,2356.89,19,2023-01-07,Sports,East,Cancelled,555-553-9228
CUST378,Robert Smith,robert.smith377@example.com,2515.23,9,2023-09-01,Clothing,South,Shipped,555-213-1317
CUST379,John Martinez,john.martinez378@example.com,632.32,7,2023-11-09,Electronics,North,Cancelled,555-422-2591
CUST380,Linda Johnson,linda.johnson379@example.com,1933.03,3,2023-05-06,Books,North,Completed,555-139-4930
CUST381,James Garcia,james.garcia380@example.com,3220.39,6,2023-01-12,Sports,South,Shipped,555-315-8314
CUST382,Linda Smith,linda.smith381@example.com,3904.19,2,2023-01-16,Electronics,North,Shipped,555-670-2704
CUST383,William Jones,william.jones382@example.com,1093.87,6,2023-07-27,Electronics,West,Completed,555-269-5286
CUST384,Jennifer Miller,jennifer.miller383@example.com,697.74,3,2023-02-12,Books,West,Shipped,555-232-1556
CUST385,Elizabeth Rodriguez,elizabeth.rodriguez384@example.com,3318.58,16,2023-05-15,Sports,North,Completed,555-130-8561
CUST386,Robert Miller,robert.miller385@example.com,19.38,8,2023-08-16,Electronics,South,Pending,555-181-3403
CUST387,Mary Miller,mary.miller386@example.com,900.08,2,2023-04-21,Electronics,South,Cancelled,555-323-2136
CUST388,William Smith,william.smith387@example.com,155.07,17,2023-11-03,Sports,North,Completed,555-459-8009
CUST389,Linda Williams,linda.williams388@example.com,842.76,9,2023-06-09,Home,East,Shipped,555-425-6352
CUST390,Mary Jones,mary.jones389@example.com,914.78,12,2023-11-27,Electronics,West,Completed,555-377-8059
CUST391,Patricia Johnson,patricia.johnson390@example.com,1944.49,3,2023-09-21,Clothing,East,Shipped,555-423-2040
CUST392,Jennifer Smith,jennifer.smith391@example.com,2017.61,11,2023-08-13,Sports,South,Pending,555-985-3752
CUST393,Jennifer Martinez,jennifer.martinez392@example.com,4372.57,1,2023-08-05,Electronics,South,Completed,555-219-7353
CUST394,Mary Brown,mary.brown393@example.com,2555.45,13,2023-02-14,Books,East,Pending,555-862-6346
CUST395,Patricia Miller,patricia.miller394@example.com,3619.79,15,2023-08-02,Clothing,North,Cancelled,555-128-8813
CUST396,John Martinez,john.martinez395@example.com,529.65,5,2023-02-28,Electronics,East,Shipped,555-637-4356
CUST397,Patricia Smith,patricia.smith396@example.com,1134.94,17,2023-05-12,Clothing,East,Shipped,555-198-7540
CUST398,William Miller,william.miller397@example.com,3517.69,6,2023-04-14,Clothing,West,Pending,555-370-3844
CUST399,Patricia Johnson,patricia.johnson398@example.com,273.49,11,2023-07-14,Home,West,Cancelled,555-786-4155
CUST400,Jennifer Williams,jennifer.williams399@example.com,2438.12,18,2023-06-06,Clothing,East,Completed,555-948-1988
CUST401,Robert Jones,robert.jones400@example.com,3000.85,4,2023-04-08,Home,East,Completed,555-183-2682
CUST402,William Jones,william.jones401@example.com,3014.71,3,2023-08-14,Sports,South,Shipped,555-486-6626
CUST403,James Martinez,james.martinez402@example.com,124.43,13,2023-07-24,Home,West,Pending,555-991-1933
CUST404,Mary Williams,mary.williams403@example.com,1617.32,9,2023-03-20,Books,West,Pending,555-931-4056
CUST405,William Davis,william.davis404@example.com,3186.09,6,2023-05-04,Electronics,South,Completed,555-623-6390
CUST406,Linda Rodriguez,linda.rodriguez405@example.com,753.51,12,2023-08-06,Sports,North,Cancelled,555-756-4676
CUST407,Robert Davis,robert.davis406@example.com,3480.12,2,2023-01-04,Sports,West,Cancelled,555-690-2050
CUST408,Mary Brown,mary.brown407@example.com,3732.17,3,2023-03-31,Books,West,Completed,555-298-1959
CUST409,Robert Davis,robert.davis408@example.com,4910.03,3,2023-04-14,Home,North,Completed,555-927-5473
CUST410,John Brown,john.brown409@example.com,1057.11,12,2023-04-29,Electronics,West,Pending,555-657-1526
CUST411,William Miller,william.miller410@example.com,4127.4,15,2023-05-13,Home,West,Cancelled,555-372-2875
CUST412,Patricia Rodriguez,patricia.rodriguez411@example.com,2606.28,9,2023-11-08,Clothing,North,Completed,555-777-8099
CUST413,Jennifer Garcia,jennifer.garcia412@example.com,1873.58,8,2023-04-06,Home,North,Completed,555-600-1116
CUST414,Mary Davis,mary.davis413@example.com,620.66,11,2023-11-27,Sports,East,Shipped,555-683-9586
CUST415,James Davis,james.davis414@example.com,3680.17,16,2023-05-23,Electronics,South,Completed,555-888-9465
CUST416,Mary Garcia,mary.garcia415@example.com,1186.93,4,2023-10-15,Home,South,Completed,555-643-7154
CUST417,William Smith,william.smith416@example.com,1863.4,1,2023-01-28,Electronics,North,Cancelled,555-201-4496
CUST418,Linda Garcia,linda.garcia417@example.com,322.09,7,2023-10-05,Electronics,North,Pending,555-790-7731
CUST419,William Garcia,william.garcia418@example.com,4008.82,2,2023-08-21,Clothing,West,Cancelled,555-185-3720
CUST420,Elizabeth Davis,elizabeth.davis419@example.com,3835.28,5,2023-01-17,Clothing,East,Pending,555-341-9032
CUST421,Mary Smith,mary.smith420@example.com,3670.74,7,2023-02-28,Sports,East,Shipped,555-900-2949
CUST422,James Brown,james.brown421@example.com,1504.22,4,2023-03-31,Books,North,Completed,555-765-1917
CUST423,Michael Johnson,michael.johnson422@example.com,875.67,5,2023-07-18,Electronics,West,Shipped,555-265-8014
CUST424,Elizabeth Martinez,elizabeth.martinez423@example.com,3191.39,1,2023-12-28,Books,West,Pending,555-242-4041
CUST425,Elizabeth Miller,elizabeth.miller424@example.com,2485.87,1,2023-01-26,Sports,South,Cancelled,555-527-2895
CUST426,John Garcia,john.garcia425@example.com,899.48,15,2023-01-25,Electronics,South,Cancelled,555-108-7917
CUST427,William Miller,william.miller426@example.com,3432.7,19,2023-10-28,Electronics,West,Shipped,555-322-1552
CUST428,Mary Davis,mary.davis427@example.com,4955.72,10,2023-12-05,Books,South,Pending,555-939-4389
CUST429,Patricia Miller,patricia.miller428@example.com,3738.63,18,2023-09-24,Home,North,Shipped,555-558-1207
CUST430,Patricia Garcia,patricia.garcia429@example.com,3702.53,3,2023-06-30,Clothing,West,Shipped,555-413-1021
CUST431,Elizabeth Williams,elizabeth.williams430@example.com,4752.06,11,2023-12-26,Home,South,Completed,555-226-5904
CUST432,Elizabeth Johnson,elizabeth.johnson431@example.com,1022.65,15,2023-03-09,Books,East,Shipped,555-111-2560
CUST433,John Martinez,john.martinez432@example.com,2832.09,11,2023-12-17,Clothing,West,Completed,555-246-4638
CUST434,Patricia Davis,patricia.davis433@example.com,4898.44,17,2023-11-17,Home,West,Completed,555-832-3356
CUST435,Michael Williams,michael.williams434@example.com,834.82,17,2023-02-18,Clothing,East,Cancelled,555-911-4665
CUST436,Jennifer Johnson,jennifer.johnson435@example.com,3504.26,6,2023-06-24,Electronics,North,Completed,555-822-1661
CUST437,Robert Davis,robert.davis436@example.com,2933.19,5,2023-02-21,Home,East,Completed,555-972-9946
CUST438,John Garcia,john.garcia437@example.com,2936.53,8,2023-04-12,Clothing,West,Cancelled,555-306-1352
CUST439,Michael Smith,michael.smith438@example.com,3491.38,2,2023-08-04,Clothing,North,Shipped,555-961-1158
CUST440,Elizabeth Davis,elizabeth.davis439@example.com,4648.79,16,2023-07-07,Clothing,South,Pending,555-503-4453
CUST441,Patricia Davis,patricia.davis440@example.com,3915.08,12,2023-02-26,Home,South,Pending,555-661-2712
CUST442,John Rodriguez,john.rodriguez441@example.com,290.12,6,2023-02-16,Sports,South,Pending,555-519-6631
CUST443,Patricia Johnson,patricia.johnson442@example.com,4265.11,1,2023-06-08,Home,West,Shipped,555-434-2394
CUST444,Elizabeth Garcia,elizabeth.garcia443@example.com,1135.45,4,2023-06-23,Books,East,Completed,555-736-4714
CUST445,Mary Davis,mary.davis444@example.com,1890.8,17,2023-08-30,Home,North,Pending,555-120-3958
CUST446,James Williams,james.williams445@example.com,2314.05,13,2023-10-09,Clothing,South,Shipped,555-893-4591
CUST447,Patricia Miller,patricia.miller446@example.com,2409.72,18,2023-08-29,Electronics,North,Completed,555-397-1525
CUST448,Mary Miller,mary.miller447@example.com,2181.55,5,2023-01-05,Home,West,Cancelled,555-392-5648
CUST449,Jennifer Davis,jennifer.davis448@example.com,4687.39,3,2023-03-25,Home,South,Pending,555-330-4155
CUST450,Mary Miller,mary.miller449@example.com,3533.03,11,2023-11-04,Clothing,West,Completed,555-937-4216
CUST451,William Rodriguez,william.rodriguez450@example.com,3159.54,13,2023-12-27,Electronics,East,Pending,555-127-3113
CUST452,John Jones,john.jones451@example.com,258.71,4,2023-09-05,Electronics,West,Pending,555-360-6543
CUST453,Linda Brown,linda.brown452@example.com,4520.53,14,2023-02-23,Books,West,Pending,555-400-8062
CUST454,Elizabeth Williams,elizabeth.williams453@example.com,4547.86,11,2023-06-10,Home,East,Completed,555-729-1269
CUST455,Elizabeth Martinez,elizabeth.martinez454@example.com,3903.26,10,2023-08-14,Electronics,North,Shipped,555-943-4432
CUST456,James Jones,james.jones455@example.com,45.08,19,2023-01-15,Electronics,East,Completed,555-375-6895
CUST457,James Rodriguez,james.rodriguez456@example.com,295.83,18,2023-08-12,Sports,East,Pending,555-675-8029
CUST458,Patricia Rodriguez,patricia.rodriguez457@example.com,1133.87,6,2023-03-02,Sports,West,Completed,555-206-7052
CUST459,Robert Jones,robert.jones458@example.com,665.43,15,2023-05-02,Electronics,North,Cancelled,555-404-4568
CUST460,Linda Davis,linda.davis459@example.com,2000.19,10,2023-10-04,Books,South,Shipped,555-255-2390
CUST461,Jennifer Brown,jennifer.brown460@example.com,4613.89,5,2023-02-15,Electronics,East,Completed,555-981-1968
CUST462,Robert Brown,robert.brown461@example.com,2365.58,5,2023-10-21,Clothing,North,Cancelled,555-381-7262
CUST463,John Garcia,john.garcia462@example.com,76.88,10,2023-03-03,Home,East,Shipped,555-584-6178
CUST464,Robert Smith,robert.smith463@example.com,1420.9,5,2023-03-27,Books,East,Cancelled,555-790-2229
CUST465,Elizabeth Brown,elizabeth.brown464@example.com,232.53,3,2023-07-29,Clothing,East,Shipped,555-792-3289
CUST466,Linda Johnson,linda.johnson465@example.com,191.08,6,2023-03-19,Books,East,Completed,555-316-8473
CUST467,William Miller,william.miller466@example.com,1385.84,4,2023-07-21,Clothing,West,Cancelled,555-322-8351
CUST468,Mary Miller,mary.miller467@example.com,1385.31,18,2023-10-29,Home,North,Pending,555-527-7294
CUST469,Patricia Johnson,patricia.johnson468@example.com,3937.76,9,2023-08-11,Home,North,Cancelled,555-845-1891
CUST470,Michael Davis,michael.davis469@example.com,4874.42,17,2023-08-10,Sports,North,Shipped,555-440-9320
CUST471,Michael Davis,michael.davis470@example.com,1862.32,13,2023-01-03,Clothing,East,Completed,555-768-8519
CUST472,Jennifer Jones,jennifer.jones471@example.com,2150.15,15,2023-01-06,Sports,West,Shipped,555-594-2198
CUST473,Mary Smith,mary.smith472@example.com,4225.5,17,2023-04-03,Clothing,East,Cancelled,555-410-6238
CUST474,Elizabeth Martinez,elizabeth.martinez473@example.com,1348.01,13,2023-01-08,Sports,East,Cancelled,555-513-7257
CUST475,Mary Smith,mary.smith474@example.com,790.35,16,2023-08-23,Home,North,Pending,555-637-4719
CUST476,Linda Smith,linda.smith475@example.com,4266.92,4,2023-04-18,Books,East,Completed,555-687-1986
CUST477,Linda Rodriguez,linda.rodriguez476@example.com,242.04,5,2023-06-10,Sports,South,Completed,555-913-4072
CUST478,John Jones,john.jones477@example.com,3102.3,5,2023-07-28,Clothing,East,Cancelled,555-403-9125
CUST479,Mary Johnson,mary.johnson478@example.com,2814.34,9,2023-08-28,Clothing,South,Completed,555-803-9133
CUST480,William Smith,william.smith479@example.com,1736.14,17,2023-11-27,Home,East,Pending,555-780-6208
CUST481,William Jones,william.jones480@example.com,1582.8,13,2023-11-29,Clothing,West,Shipped,555-688-4230
CUST482,William Brown,william.brown481@example.com,3861.57,2,2023-02-19,Electronics,West,Completed,555-709-4173
CUST483,Patricia Garcia,patricia.garcia482@example.com,441.26,13,2023-01-11,Books,North,Cancelled,555-118-4553
CUST484,Mary Rodriguez,mary.rodriguez483@example.com,1191.55,19,2023-12-17,Sports,East,Shipped,555-378-2388
CUST485,James Davis,james.davis484@example.com,3664.92,3,2023-06-05,Books,South,Shipped,555-921-1454
CUST486,William Jones,william.jones485@example.com,2746.12,10,2023-03-11,Home,South,Pending,555-754-8232
CUST487,Elizabeth Miller,elizabeth.miller486@example.com,648.66,2,2023-06-18,Sports,East,Cancelled,555-242-3875
CUST488,William Smith,william.smith487@example.com,4411.86,13,2023-09-29,Sports,South,Completed,555-404-9927
CUST489,James Williams,james.williams488@example.com,1973.3,19,2023-03-09,Electronics,West,Cancelled,555-201-8010
CUST490,Linda Martinez,linda.martinez489@example.com,4141.06,17,2023-12-21,Home,South,Shipped,555-876-7228
CUST491,Elizabeth Davis,elizabeth.davis490@example.com,3940.69,14,2023-09-09,Clothing,North,Cancelled,555-915-2177
CUST492,William Jones,william.jones491@example.com,3125.88,12,2023-02-17,Electronics,West,Completed,555-403-9234
CUST493,Michael Garcia,michael.garcia492@example.com,2477.46,12,2023-07-03,Electronics,West,Completed,555-913-7570
CUST494,Robert Miller,robert.miller493@example.com,4897.96,11,2023-11-16,Books,West,Pending,555-718-5431
CUST495,Robert Rodriguez,robert.rodriguez494@example.com,733.38,7,2023-07-06,Books,East,Completed,555-903-9906
CUST496,John Brown,john.brown495@example.com,3628.53,4,2023-03-31,Books,East,Completed,555-888-1140
CUST497,Jennifer Williams,jennifer.williams496@example.com,964.04,19,2023-11-28,Electronics,West,Cancelled,555-901-7012
CUST498,Patricia Jones,patricia.jones497@example.com,1697.93,1,2023-05-19,Clothing,East,Cancelled,555-663-4610
CUST499,John Davis,john.davis498@example.com,1550.41,3,2023-12-23,Sports,South,Shipped,555-243-1105
CUST500,Patricia Johnson,patricia.johnson499@example.com,4735.71,13,2023-03-30,Books,East,Pending,555-101-7787
